competition,model_id,model_family,seed,params_json,started_at,cv_auc_mean,cv_auc_std,cv_auc_min,cv_auc_max,submission_path,submitted_to_kaggle,kaggle_status,runtime_seconds,error,finished_at,public_auc,private_auc,cv_private_gap,abs_cv_private_gap,public_private_gap,abs_public_private_gap
homesite,14,lightgbm,982738,"{""n_estimators"": 500, ""learning_rate"": 0.02, ""num_leaves"": 31, ""max_depth"": 9, ""min_child_samples"": 120, ""subsample"": 0.6, ""colsample_bytree"": 0.6, ""reg_alpha"": 1.0, ""reg_lambda"": 0.0}",2026-05-14T02:43:05.639509,0.9645529502344614,0.0005618806577759,0.9637856295614242,0.965366273585154,/Users/kunalgurung/Desktop/UTS SEM4/36126/project/submissions/homesite_1000_models/homesite_model_0014.csv,False,,105.17787885665894,,2026-05-14T02:44:50.817378,0.96547,0.96502,-0.00046704976553857414,0.00046704976553857414,0.00045000000000006146,0.00045000000000006146
homesite,21,lightgbm,261140,"{""n_estimators"": 900, ""learning_rate"": 0.05, ""num_leaves"": 31, ""max_depth"": 7, ""min_child_samples"": 20, ""subsample"": 0.6, ""colsample_bytree"": 0.5, ""reg_alpha"": 0.1, ""reg_lambda"": 5.0}",2026-05-14T02:55:10.609152,0.9658510973748878,0.0004451768395761,0.9653139031329278,0.9664364794633932,/Users/kunalgurung/Desktop/UTS SEM4/36126/project/submissions/homesite_1000_models/homesite_model_0021.csv,False,,159.73572897911072,,2026-05-14T02:57:50.344871,0.96696,0.96648,-0.000628902625112171,0.000628902625112171,0.00048000000000003595,0.00048000000000003595
homesite,27,lightgbm,294753,"{""n_estimators"": 300, ""learning_rate"": 0.01, ""num_leaves"": 127, ""max_depth"": 5, ""min_child_samples"": 40, ""subsample"": 0.8, ""colsample_bytree"": 0.9, ""reg_alpha"": 0.0, ""reg_lambda"": 0.0}",2026-05-14T03:07:05.392899,0.952139376037251,0.0008317017405628,0.951140356702342,0.9535337394635356,/Users/kunalgurung/Desktop/UTS SEM4/36126/project/submissions/homesite_1000_models/homesite_model_0027.csv,False,,60.529529094696045,,2026-05-14T03:08:05.922419,0.95338,0.95257,-0.000430623962749066,0.000430623962749066,0.0008099999999999774,0.0008099999999999774
homesite,36,lightgbm,845642,"{""n_estimators"": 1100, ""learning_rate"": 0.02, ""num_leaves"": 127, ""max_depth"": -1, ""min_child_samples"": 40, ""subsample"": 0.8, ""colsample_bytree"": 0.6, ""reg_alpha"": 0.0, ""reg_lambda"": 2.0}",2026-05-14T03:20:34.996799,0.9659888135969537,0.0005675420104771,0.9653052919724908,0.9667217970658588,/Users/kunalgurung/Desktop/UTS SEM4/36126/project/submissions/homesite_1000_models/homesite_model_0036.csv,False,,296.7129530906677,,2026-05-14T03:25:31.709745,0.96708,0.96662,-0.0006311864030463799,0.0006311864030463799,0.00046000000000001595,0.00046000000000001595
homesite,52,lightgbm,357861,"{""n_estimators"": 300, ""learning_rate"": 0.01, ""num_leaves"": 127, ""max_depth"": 3, ""min_child_samples"": 20, ""subsample"": 1.0, ""colsample_bytree"": 0.5, ""reg_alpha"": 1.0, ""reg_lambda"": 5.0}",2026-05-14T03:54:41.007030,0.9439830653453984,0.0006836155525272,0.9431258409258664,0.9450739843412056,/Users/kunalgurung/Desktop/UTS SEM4/36126/project/submissions/homesite_1000_models/homesite_model_0052.csv,False,,63.24360704421997,,2026-05-14T03:55:44.250625,0.94495,0.94447,-0.0004869346546015896,0.0004869346546015896,0.00047999999999992493,0.00047999999999992493
homesite,81,lightgbm,44171,"{""n_estimators"": 1100, ""learning_rate"": 0.05, ""num_leaves"": 31, ""max_depth"": 7, ""min_child_samples"": 120, ""subsample"": 0.6, ""colsample_bytree"": 0.5, ""reg_alpha"": 0.5, ""reg_lambda"": 5.0}",2026-05-14T04:46:56.359280,0.9659373371842944,0.0004930736581883,0.9653603849260096,0.9664885554826618,/Users/kunalgurung/Desktop/UTS SEM4/36126/project/submissions/homesite_1000_models/homesite_model_0081.csv,False,,174.98691582679749,,2026-05-14T04:49:51.346187,0.96682,0.96634,-0.00040266281570555673,0.00040266281570555673,0.00048000000000003595,0.00048000000000003595
homesite,89,lightgbm,99981,"{""n_estimators"": 900, ""learning_rate"": 0.03, ""num_leaves"": 127, ""max_depth"": 7, ""min_child_samples"": 80, ""subsample"": 0.8, ""colsample_bytree"": 0.5, ""reg_alpha"": 0.0, ""reg_lambda"": 1.0}",2026-05-14T05:05:33.313093,0.9658307336268714,0.0005155004014344,0.965211119483626,0.966391590504342,/Users/kunalgurung/Desktop/UTS SEM4/36126/project/submissions/homesite_1000_models/homesite_model_0089.csv,False,,174.87291812896729,,2026-05-14T05:08:28.186002,0.96688,0.9665,-0.0006692663731285853,0.0006692663731285853,0.00037999999999993594,0.00037999999999993594
homesite,101,lightgbm,268765,"{""n_estimators"": 900, ""learning_rate"": 0.02, ""num_leaves"": 31, ""max_depth"": 5, ""min_child_samples"": 120, ""subsample"": 0.7, ""colsample_bytree"": 0.7, ""reg_alpha"": 0.0, ""reg_lambda"": 0.0}",2026-05-14T05:28:16.247885,0.9645531801958224,0.0004738014421097,0.9639450674211408,0.9652898296185984,/Users/kunalgurung/Desktop/UTS SEM4/36126/project/submissions/homesite_1000_models/homesite_model_0101.csv,False,,118.42483687400818,,2026-05-14T05:30:14.672713,0.9654,0.96492,-0.0003668198041776316,0.0003668198041776316,0.00048000000000003595,0.00048000000000003595
homesite,140,lightgbm,854614,"{""n_estimators"": 500, ""learning_rate"": 0.02, ""num_leaves"": 31, ""max_depth"": -1, ""min_child_samples"": 10, ""subsample"": 0.7, ""colsample_bytree"": 1.0, ""reg_alpha"": 0.0, ""reg_lambda"": 0.1}",2026-05-14T06:36:01.042198,0.9645700741729384,0.0005886178302892,0.9638565517033394,0.9653840554050618,/Users/kunalgurung/Desktop/UTS SEM4/36126/project/submissions/homesite_1000_models/homesite_model_0140.csv,False,,94.342041015625,,2026-05-14T06:37:35.384230,0.96564,0.96507,-0.000499925827061598,0.000499925827061598,0.0005700000000000705,0.0005700000000000705
homesite,143,lightgbm,470276,"{""n_estimators"": 300, ""learning_rate"": 0.01, ""num_leaves"": 63, ""max_depth"": 3, ""min_child_samples"": 10, ""subsample"": 0.8, ""colsample_bytree"": 0.8, ""reg_alpha"": 0.01, ""reg_lambda"": 5.0}",2026-05-14T06:40:32.602868,0.9444206286434688,0.0007093180930272,0.9434176770809342,0.9454196558731308,/Users/kunalgurung/Desktop/UTS SEM4/36126/project/submissions/homesite_1000_models/homesite_model_0143.csv,False,,48.864562034606934,,2026-05-14T06:41:21.467419,0.94455,0.94406,0.00036062864346875223,0.00036062864346875223,0.0004899999999999904,0.0004899999999999904
homesite,145,lightgbm,293651,"{""n_estimators"": 300, ""learning_rate"": 0.01, ""num_leaves"": 15, ""max_depth"": 5, ""min_child_samples"": 10, ""subsample"": 1.0, ""colsample_bytree"": 0.7, ""reg_alpha"": 0.01, ""reg_lambda"": 1.0}",2026-05-14T06:42:49.398315,0.9521847784696592,0.0006528062767023,0.9514386462486196,0.9532987554164444,/Users/kunalgurung/Desktop/UTS SEM4/36126/project/submissions/homesite_1000_models/homesite_model_0145.csv,False,,57.264991998672485,,2026-05-14T06:43:46.663297,0.95347,0.95274,-0.0005552215303408214,0.0005552215303408214,0.0007300000000000084,0.0007300000000000084
homesite,154,lightgbm,475502,"{""n_estimators"": 500, ""learning_rate"": 0.01, ""num_leaves"": 63, ""max_depth"": 3, ""min_child_samples"": 40, ""subsample"": 0.9, ""colsample_bytree"": 1.0, ""reg_alpha"": 0.1, ""reg_lambda"": 0.0}",2026-05-14T06:55:37.324401,0.9509907238100972,0.0005978189308721,0.9504234603399856,0.952093150198737,/Users/kunalgurung/Desktop/UTS SEM4/36126/project/submissions/homesite_1000_models/homesite_model_0154.csv,False,,61.264283895492554,,2026-05-14T06:56:38.588676,0.95237,0.95126,-0.00026927618990280067,0.00026927618990280067,0.0011100000000000554,0.0011100000000000554
homesite,162,lightgbm,264988,"{""n_estimators"": 300, ""learning_rate"": 0.07, ""num_leaves"": 15, ""max_depth"": 5, ""min_child_samples"": 120, ""subsample"": 0.8, ""colsample_bytree"": 0.8, ""reg_alpha"": 0.01, ""reg_lambda"": 0.0}",2026-05-14T07:08:29.479910,0.9646087722435271,0.0005560143855828,0.9638141292236516,0.9654454832907992,/Users/kunalgurung/Desktop/UTS SEM4/36126/project/submissions/homesite_1000_models/homesite_model_0162.csv,False,,50.958922147750854,,2026-05-14T07:09:20.438821,0.96538,0.96484,-0.00023122775647288485,0.00023122775647288485,0.0005399999999999849,0.0005399999999999849
homesite,168,lightgbm,942622,"{""n_estimators"": 300, ""learning_rate"": 0.01, ""num_leaves"": 127, ""max_depth"": 3, ""min_child_samples"": 40, ""subsample"": 0.8, ""colsample_bytree"": 0.7, ""reg_alpha"": 1.0, ""reg_lambda"": 0.0}",2026-05-14T07:18:25.640780,0.9446309245809934,0.0006742114259257,0.943699782340623,0.9456370825451096,/Users/kunalgurung/Desktop/UTS SEM4/36126/project/submissions/homesite_1000_models/homesite_model_0168.csv,False,,47.5960750579834,,2026-05-14T07:19:13.236847,0.94526,0.94489,-0.0002590754190066047,0.0002590754190066047,0.00036999999999998145,0.00036999999999998145
homesite,197,lightgbm,828745,"{""n_estimators"": 1100, ""learning_rate"": 0.05, ""num_leaves"": 31, ""max_depth"": 5, ""min_child_samples"": 10, ""subsample"": 1.0, ""colsample_bytree"": 0.7, ""reg_alpha"": 0.0, ""reg_lambda"": 2.0}",2026-05-14T08:12:53.523477,0.9658774066885464,0.0004334371251831,0.9653440559638086,0.9664667481367486,/Users/kunalgurung/Desktop/UTS SEM4/36126/project/submissions/homesite_1000_models/homesite_model_0197.csv,False,,120.95249104499815,,2026-05-14T08:14:54.475955,0.96696,0.96638,-0.0005025933114536363,0.0005025933114536363,0.0005800000000000249,0.0005800000000000249
homesite,204,lightgbm,289663,"{""n_estimators"": 1100, ""learning_rate"": 0.05, ""num_leaves"": 63, ""max_depth"": 3, ""min_child_samples"": 120, ""subsample"": 0.8, ""colsample_bytree"": 0.8, ""reg_alpha"": 0.5, ""reg_lambda"": 1.0}",2026-05-14T08:26:09.752980,0.9646332830642658,0.0004816386335654,0.9640550984652831,0.9653674199429788,/Users/kunalgurung/Desktop/UTS SEM4/36126/project/submissions/homesite_1000_models/homesite_model_0204.csv,False,,85.51312923431396,,2026-05-14T08:27:35.266099,0.96553,0.96505,-0.000416716935734196,0.000416716935734196,0.00048000000000003595,0.00048000000000003595
homesite,220,lightgbm,365999,"{""n_estimators"": 300, ""learning_rate"": 0.01, ""num_leaves"": 31, ""max_depth"": 5, ""min_child_samples"": 80, ""subsample"": 0.6, ""colsample_bytree"": 1.0, ""reg_alpha"": 0.01, ""reg_lambda"": 0.0}",2026-05-14T08:55:29.085506,0.9522457554347736,0.0007363225908768,0.9514163801541006,0.953320659297753,/Users/kunalgurung/Desktop/UTS SEM4/36126/project/submissions/homesite_1000_models/homesite_model_0220.csv,False,,59.13935303688049,,2026-05-14T08:56:28.224850,0.95328,0.95267,-0.00042424456522638376,0.00042424456522638376,0.0006099999999999994,0.0006099999999999994
homesite,222,lightgbm,945901,"{""n_estimators"": 300, ""learning_rate"": 0.01, ""num_leaves"": 31, ""max_depth"": 5, ""min_child_samples"": 80, ""subsample"": 1.0, ""colsample_bytree"": 1.0, ""reg_alpha"": 0.01, ""reg_lambda"": 5.0}",2026-05-14T08:58:15.730444,0.9518416595290254,0.0006714079277349,0.951033720084055,0.9529107893142308,/Users/kunalgurung/Desktop/UTS SEM4/36126/project/submissions/homesite_1000_models/homesite_model_0222.csv,False,,57.08716797828674,,2026-05-14T08:59:12.817600,0.95296,0.95237,-0.0005283404709746087,0.0005283404709746087,0.0005899999999999794,0.0005899999999999794
homesite,223,lightgbm,632661,"{""n_estimators"": 300, ""learning_rate"": 0.07, ""num_leaves"": 15, ""max_depth"": 5, ""min_child_samples"": 80, ""subsample"": 0.7, ""colsample_bytree"": 0.6, ""reg_alpha"": 0.1, ""reg_lambda"": 5.0}",2026-05-14T08:59:12.829015,0.9645592926149306,0.0005010371260652,0.9639859356809564,0.9653236266606706,/Users/kunalgurung/Desktop/UTS SEM4/36126/project/submissions/homesite_1000_models/homesite_model_0223.csv,False,,60.55808472633362,,2026-05-14T09:00:13.387090,0.96527,0.96474,-0.00018070738506947848,0.00018070738506947848,0.0005299999999999194,0.0005299999999999194
homesite,227,lightgbm,320462,"{""n_estimators"": 500, ""learning_rate"": 0.02, ""num_leaves"": 31, ""max_depth"": -1, ""min_child_samples"": 40, ""subsample"": 0.7, ""colsample_bytree"": 0.5, ""reg_alpha"": 0.01, ""reg_lambda"": 2.0}",2026-05-14T09:07:18.510794,0.9645579052446258,0.0005318277356069,0.9638067466792573,0.9652741426167794,/Users/kunalgurung/Desktop/UTS SEM4/36126/project/submissions/homesite_1000_models/homesite_model_0227.csv,False,,110.2875063419342,,2026-05-14T09:09:08.798290,0.96537,0.96499,-0.0004320947553742016,0.0004320947553742016,0.00037999999999993594,0.00037999999999993594
homesite,270,lightgbm,881208,"{""n_estimators"": 900, ""learning_rate"": 0.02, ""num_leaves"": 127, ""max_depth"": -1, ""min_child_samples"": 20, ""subsample"": 0.9, ""colsample_bytree"": 0.6, ""reg_alpha"": 0.5, ""reg_lambda"": 5.0}",2026-05-14T10:21:40.556936,0.9660321482610088,0.0004889002975354,0.9653810555676368,0.966691665955442,/Users/kunalgurung/Desktop/UTS SEM4/36126/project/submissions/homesite_1000_models/homesite_model_0270.csv,False,,241.1173849105835,,2026-05-14T10:25:41.674310,0.96694,0.96667,-0.0006378517389912242,0.0006378517389912242,0.00026999999999999247,0.00026999999999999247
homesite,320,lightgbm,921338,"{""n_estimators"": 1100, ""learning_rate"": 0.05, ""num_leaves"": 15, ""max_depth"": 3, ""min_child_samples"": 80, ""subsample"": 1.0, ""colsample_bytree"": 0.9, ""reg_alpha"": 0.1, ""reg_lambda"": 0.1}",2026-05-14T11:52:58.475058,0.9645869359613892,0.0004372639749089,0.964052272391571,0.9652315246529152,/Users/kunalgurung/Desktop/UTS SEM4/36126/project/submissions/homesite_1000_models/homesite_model_0320.csv,False,,100.98255705833436,,2026-05-14T11:54:39.457607,0.96548,0.96502,-0.00043306403861076426,0.00043306403861076426,0.00046000000000001595,0.00046000000000001595
homesite,333,lightgbm,614232,"{""n_estimators"": 1100, ""learning_rate"": 0.02, ""num_leaves"": 127, ""max_depth"": -1, ""min_child_samples"": 20, ""subsample"": 0.8, ""colsample_bytree"": 0.5, ""reg_alpha"": 1.0, ""reg_lambda"": 5.0}",2026-05-14T12:31:41.809897,0.9661475134235148,0.0004795236606957,0.9655988354478002,0.9667793611223792,/Users/kunalgurung/Desktop/UTS SEM4/36126/project/submissions/homesite_1000_models/homesite_model_0333.csv,False,,283.06160497665405,,2026-05-14T12:36:24.871493,0.96703,0.96669,-0.0005424865764852571,0.0005424865764852571,0.00033999999999989594,0.00033999999999989594
homesite,341,lightgbm,71037,"{""n_estimators"": 1100, ""learning_rate"": 0.02, ""num_leaves"": 15, ""max_depth"": 5, ""min_child_samples"": 40, ""subsample"": 0.9, ""colsample_bytree"": 1.0, ""reg_alpha"": 0.0, ""reg_lambda"": 0.1}",2026-05-14T12:51:01.693912,0.9645594420019016,0.000535546827335,0.9638974368568493,0.9653947515269172,/Users/kunalgurung/Desktop/UTS SEM4/36126/project/submissions/homesite_1000_models/homesite_model_0341.csv,False,,100.71962785720824,,2026-05-14T12:52:42.413530,0.96552,0.96488,-0.0003205579980983808,0.0003205579980983808,0.0006400000000000849,0.0006400000000000849
homesite,349,lightgbm,107927,"{""n_estimators"": 900, ""learning_rate"": 0.02, ""num_leaves"": 63, ""max_depth"": 9, ""min_child_samples"": 40, ""subsample"": 0.6, ""colsample_bytree"": 0.7, ""reg_alpha"": 0.0, ""reg_lambda"": 0.5}",2026-05-14T13:01:38.400065,0.9658198438178112,0.0005103934111885,0.965155818174133,0.9664482785021457,/Users/kunalgurung/Desktop/UTS SEM4/36126/project/submissions/homesite_1000_models/homesite_model_0349.csv,False,,141.46711897850037,,2026-05-14T13:03:59.867174,0.96663,0.96632,-0.0005001561821887934,0.0005001561821887934,0.00031000000000003247,0.00031000000000003247
homesite,385,xgboost,733795,"{""n_estimators"": 300, ""learning_rate"": 0.01, ""max_depth"": 4, ""min_child_weight"": 3.0, ""gamma"": 0.1, ""subsample"": 0.7, ""colsample_bytree"": 0.5, ""reg_alpha"": 0.01, ""reg_lambda"": 1.0}",2026-05-14T17:15:27.396767,0.9505325486147111,0.0007708211768438,0.9496003311530912,0.9517592994260284,/Users/kunalgurung/Desktop/UTS SEM4/36126/project/submissions/homesite_1000_models/homesite_model_0385.csv,False,,57.507915019989014,,2026-05-14T17:16:24.904673,0.95126,0.95092,-0.0003874513852888395,0.0003874513852888395,0.00034000000000000696,0.00034000000000000696
homesite,406,xgboost,144929,"{""n_estimators"": 300, ""learning_rate"": 0.05, ""max_depth"": 5, ""min_child_weight"": 8.0, ""gamma"": 0.01, ""subsample"": 1.0, ""colsample_bytree"": 0.7, ""reg_alpha"": 0.5, ""reg_lambda"": 0.1}",2026-05-14T17:58:36.528040,0.9640527192716076,0.0004585377135203,0.9634445108801036,0.9647782161546636,/Users/kunalgurung/Desktop/UTS SEM4/36126/project/submissions/homesite_1000_models/homesite_model_0406.csv,False,,58.48798584938049,,2026-05-14T17:59:35.016014,0.96501,0.96446,-0.0004072807283923563,0.0004072807283923563,0.0005500000000000504,0.0005500000000000504
homesite,413,xgboost,8382,"{""n_estimators"": 1100, ""learning_rate"": 0.05, ""max_depth"": 5, ""min_child_weight"": 10.0, ""gamma"": 0.3, ""subsample"": 1.0, ""colsample_bytree"": 0.6, ""reg_alpha"": 1.0, ""reg_lambda"": 1.0}",2026-05-14T18:11:28.882938,0.965825178530977,0.0004099839220997,0.9652888672086836,0.9663865392897564,/Users/kunalgurung/Desktop/UTS SEM4/36126/project/submissions/homesite_1000_models/homesite_model_0413.csv,False,,164.4699509143829,,2026-05-14T18:14:13.352876,0.96686,0.96651,-0.0006848214690229337,0.0006848214690229337,0.0003500000000000725,0.0003500000000000725
homesite,421,xgboost,151036,"{""n_estimators"": 900, ""learning_rate"": 0.03, ""max_depth"": 6, ""min_child_weight"": 8.0, ""gamma"": 0.3, ""subsample"": 0.8, ""colsample_bytree"": 0.7, ""reg_alpha"": 0.1, ""reg_lambda"": 0.1}",2026-05-14T18:26:36.506427,0.9657492222309404,0.0004940377524116,0.9650880964955284,0.9664074307561018,/Users/kunalgurung/Desktop/UTS SEM4/36126/project/submissions/homesite_1000_models/homesite_model_0421.csv,False,,149.11224508285522,,2026-05-14T18:29:05.618663,0.96661,0.96626,-0.0005107777690596116,0.0005107777690596116,0.00034999999999996145,0.00034999999999996145
homesite,455,xgboost,44865,"{""n_estimators"": 300, ""learning_rate"": 0.01, ""max_depth"": 5, ""min_child_weight"": 8.0, ""gamma"": 0.01, ""subsample"": 0.6, ""colsample_bytree"": 1.0, ""reg_alpha"": 0.5, ""reg_lambda"": 2.0}",2026-05-14T19:29:19.187051,0.9522623286653,0.0005485167862279,0.9514536297323282,0.9530019018341792,/Users/kunalgurung/Desktop/UTS SEM4/36126/project/submissions/homesite_1000_models/homesite_model_0455.csv,False,,64.57820224761963,,2026-05-14T19:30:23.765241,0.95334,0.95253,-0.0002676713346999593,0.0002676713346999593,0.0008099999999999774,0.0008099999999999774
homesite,458,xgboost,194082,"{""n_estimators"": 1100, ""learning_rate"": 0.01, ""max_depth"": 6, ""min_child_weight"": 5.0, ""gamma"": 0.1, ""subsample"": 0.7, ""colsample_bytree"": 0.6, ""reg_alpha"": 0.5, ""reg_lambda"": 0.5}",2026-05-14T19:33:11.558417,0.9640679367951608,0.0004747565929008,0.9634527248355944,0.964811425537514,/Users/kunalgurung/Desktop/UTS SEM4/36126/project/submissions/homesite_1000_models/homesite_model_0458.csv,False,,185.4069356918335,,2026-05-14T19:36:16.965344,0.96495,0.96451,-0.0004420632048391937,0.0004420632048391937,0.00043999999999999595,0.00043999999999999595
homesite,470,xgboost,888312,"{""n_estimators"": 300, ""learning_rate"": 0.03, ""max_depth"": 7, ""min_child_weight"": 8.0, ""gamma"": 0.01, ""subsample"": 0.8, ""colsample_bytree"": 0.8, ""reg_alpha"": 0.5, ""reg_lambda"": 1.0}",2026-05-14T19:55:05.920876,0.9640895666563604,0.0005324405846398,0.9633702112060276,0.9648856926308944,/Users/kunalgurung/Desktop/UTS SEM4/36126/project/submissions/homesite_1000_models/homesite_model_0470.csv,False,,72.73193073272705,,2026-05-14T19:56:18.652799,0.96496,0.96459,-0.0005004333436395836,0.0005004333436395836,0.0003700000000000925,0.0003700000000000925
homesite,484,xgboost,763003,"{""n_estimators"": 300, ""learning_rate"": 0.01, ""max_depth"": 3, ""min_child_weight"": 8.0, ""gamma"": 0.1, ""subsample"": 1.0, ""colsample_bytree"": 0.5, ""reg_alpha"": 0.0, ""reg_lambda"": 5.0}",2026-05-14T20:24:01.864801,0.9438857482975992,0.0007544073425587,0.9428755222311508,0.9449572851145982,/Users/kunalgurung/Desktop/UTS SEM4/36126/project/submissions/homesite_1000_models/homesite_model_0484.csv,False,,54.81665802001953,,2026-05-14T20:24:56.681450,0.9447,0.9443,-0.0004142517024008363,0.0004142517024008363,0.00039999999999995595,0.00039999999999995595
homesite,489,xgboost,838125,"{""n_estimators"": 700, ""learning_rate"": 0.01, ""max_depth"": 3, ""min_child_weight"": 3.0, ""gamma"": 0.05, ""subsample"": 1.0, ""colsample_bytree"": 0.8, ""reg_alpha"": 0.5, ""reg_lambda"": 1.0}",2026-05-14T20:34:40.261543,0.9543110891120596,0.0005709604267606,0.9536274415454769,0.9551525704764622,/Users/kunalgurung/Desktop/UTS SEM4/36126/project/submissions/homesite_1000_models/homesite_model_0489.csv,False,,92.79080510139464,,2026-05-14T20:36:13.052337,0.95492,0.95408,0.00023108911205960148,0.00023108911205960148,0.0008399999999999519,0.0008399999999999519
homesite,492,xgboost,976439,"{""n_estimators"": 1100, ""learning_rate"": 0.03, ""max_depth"": 6, ""min_child_weight"": 2.0, ""gamma"": 0.0, ""subsample"": 0.7, ""colsample_bytree"": 0.8, ""reg_alpha"": 0.0, ""reg_lambda"": 0.5}",2026-05-14T20:40:52.571849,0.9657827190691366,0.0005128819068179,0.9651653459853204,0.9664224709707688,/Users/kunalgurung/Desktop/UTS SEM4/36126/project/submissions/homesite_1000_models/homesite_model_0492.csv,False,,171.94264388084412,,2026-05-14T20:43:44.514482,0.9668,0.96638,-0.0005972809308634197,0.0005972809308634197,0.00041999999999997595,0.00041999999999997595
homesite,499,xgboost,648773,"{""n_estimators"": 700, ""learning_rate"": 0.07, ""max_depth"": 5, ""min_child_weight"": 5.0, ""gamma"": 0.01, ""subsample"": 0.9, ""colsample_bytree"": 0.9, ""reg_alpha"": 0.5, ""reg_lambda"": 1.0}",2026-05-14T20:55:27.537991,0.965794772779461,0.0005249837055444,0.965112895354564,0.9665001095628476,/Users/kunalgurung/Desktop/UTS SEM4/36126/project/submissions/homesite_1000_models/homesite_model_0499.csv,False,,112.08119297027588,,2026-05-14T20:57:19.619173,0.96678,0.96637,-0.0005752272205389319,0.0005752272205389319,0.00041000000000002146,0.00041000000000002146
homesite,514,xgboost,377224,"{""n_estimators"": 300, ""learning_rate"": 0.05, ""max_depth"": 5, ""min_child_weight"": 5.0, ""gamma"": 0.1, ""subsample"": 0.8, ""colsample_bytree"": 0.9, ""reg_alpha"": 0.01, ""reg_lambda"": 1.0}",2026-05-14T21:23:31.322031,0.964146366684428,0.0005506279925685,0.96344096923777,0.96496477925391,/Users/kunalgurung/Desktop/UTS SEM4/36126/project/submissions/homesite_1000_models/homesite_model_0514.csv,False,,68.1276478767395,,2026-05-14T21:24:39.449670,0.96518,0.96461,-0.0004636333155719763,0.0004636333155719763,0.0005700000000000705,0.0005700000000000705
homesite,527,xgboost,184888,"{""n_estimators"": 700, ""learning_rate"": 0.02, ""max_depth"": 5, ""min_child_weight"": 5.0, ""gamma"": 0.01, ""subsample"": 0.7, ""colsample_bytree"": 0.9, ""reg_alpha"": 0.01, ""reg_lambda"": 0.1}",2026-05-14T23:23:54.052901,0.9640833859292594,0.0005688946174893,0.963456924125312,0.965021155925062,/Users/kunalgurung/Desktop/UTS SEM4/36126/project/submissions/homesite_1000_models/homesite_model_0527.csv,False,,91.8920841217041,,2026-05-14T23:25:25.944976,0.96513,0.96447,-0.0003866140707406984,0.0003866140707406984,0.0006599999999999939,0.0006599999999999939
homesite,531,xgboost,911052,"{""n_estimators"": 1100, ""learning_rate"": 0.02, ""max_depth"": 4, ""min_child_weight"": 3.0, ""gamma"": 0.05, ""subsample"": 0.8, ""colsample_bytree"": 0.5, ""reg_alpha"": 0.5, ""reg_lambda"": 0.5}",2026-05-14T23:32:13.891862,0.964078644322069,0.0005079114829952,0.9633668288470968,0.9647870672437668,/Users/kunalgurung/Desktop/UTS SEM4/36126/project/submissions/homesite_1000_models/homesite_model_0531.csv,False,,125.512592792511,,2026-05-14T23:34:19.404446,0.96496,0.96443,-0.00035135567793098677,0.00035135567793098677,0.0005300000000000304,0.0005300000000000304
homesite,533,xgboost,563019,"{""n_estimators"": 1100, ""learning_rate"": 0.02, ""max_depth"": 7, ""min_child_weight"": 5.0, ""gamma"": 0.0, ""subsample"": 0.9, ""colsample_bytree"": 0.8, ""reg_alpha"": 0.01, ""reg_lambda"": 1.0}",2026-05-14T23:36:20.772737,0.9659865373238968,0.0004636173169453,0.9653624745282204,0.9665693966364964,/Users/kunalgurung/Desktop/UTS SEM4/36126/project/submissions/homesite_1000_models/homesite_model_0533.csv,False,,162.44104480743408,,2026-05-14T23:39:03.213773,0.96694,0.96644,-0.0004534626761031335,0.0004534626761031335,0.000500000000000056,0.000500000000000056
homesite,538,xgboost,165959,"{""n_estimators"": 1100, ""learning_rate"": 0.02, ""max_depth"": 4, ""min_child_weight"": 1.0, ""gamma"": 0.3, ""subsample"": 0.7, ""colsample_bytree"": 1.0, ""reg_alpha"": 0.1, ""reg_lambda"": 5.0}",2026-05-14T23:47:15.036699,0.9641009145995528,0.0004856151948889,0.9634411417947903,0.9648259794551248,/Users/kunalgurung/Desktop/UTS SEM4/36126/project/submissions/homesite_1000_models/homesite_model_0538.csv,False,,124.98687386512756,,2026-05-14T23:49:20.023563,0.96496,0.96439,-0.00028908540044714215,0.00028908540044714215,0.0005700000000000705,0.0005700000000000705
homesite,540,xgboost,851490,"{""n_estimators"": 900, ""learning_rate"": 0.05, ""max_depth"": 5, ""min_child_weight"": 1.0, ""gamma"": 0.01, ""subsample"": 0.9, ""colsample_bytree"": 0.9, ""reg_alpha"": 0.1, ""reg_lambda"": 2.0}",2026-05-14T23:50:19.814844,0.9658266391321244,0.000416969566865,0.9653135833594292,0.9663344125894052,/Users/kunalgurung/Desktop/UTS SEM4/36126/project/submissions/homesite_1000_models/homesite_model_0540.csv,False,,112.65779614448547,,2026-05-14T23:52:12.472631,0.96678,0.96639,-0.0005633608678755619,0.0005633608678755619,0.00039000000000000146,0.00039000000000000146
homesite,576,xgboost,124873,"{""n_estimators"": 300, ""learning_rate"": 0.01, ""max_depth"": 3, ""min_child_weight"": 2.0, ""gamma"": 0.05, ""subsample"": 0.7, ""colsample_bytree"": 0.6, ""reg_alpha"": 0.1, ""reg_lambda"": 1.0}",2026-05-15T01:20:35.197401,0.9436848988226116,0.0008096953573008,0.9427416409107818,0.9449184790921756,/Users/kunalgurung/Desktop/UTS SEM4/36126/project/submissions/homesite_1000_models/homesite_model_0576.csv,False,,58.60564088821411,,2026-05-15T01:21:33.803032,0.94452,0.94413,-0.00044510117738838506,0.00044510117738838506,0.00039000000000000146,0.00039000000000000146
homesite,619,xgboost,901880,"{""n_estimators"": 300, ""learning_rate"": 0.02, ""max_depth"": 3, ""min_child_weight"": 2.0, ""gamma"": 0.01, ""subsample"": 0.9, ""colsample_bytree"": 0.6, ""reg_alpha"": 0.0, ""reg_lambda"": 0.1}",2026-05-15T02:41:24.491070,0.9533874637283436,0.0005570237250368,0.9527816617939304,0.9543125013617526,/Users/kunalgurung/Desktop/UTS SEM4/36126/project/submissions/homesite_1000_models/homesite_model_0619.csv,False,,49.60709023475647,,2026-05-15T02:42:14.098151,0.95425,0.95361,-0.00022253627165635947,0.00022253627165635947,0.0006400000000000849,0.0006400000000000849
homesite,630,xgboost,336705,"{""n_estimators"": 300, ""learning_rate"": 0.01, ""max_depth"": 5, ""min_child_weight"": 2.0, ""gamma"": 0.01, ""subsample"": 1.0, ""colsample_bytree"": 0.5, ""reg_alpha"": 0.01, ""reg_lambda"": 0.1}",2026-05-15T02:59:13.419840,0.9542471844245786,0.0005280160319187,0.9537161539541472,0.9551573815592508,/Users/kunalgurung/Desktop/UTS SEM4/36126/project/submissions/homesite_1000_models/homesite_model_0630.csv,False,,63.020249128341675,,2026-05-15T03:00:16.440079,0.95518,0.95466,-0.000412815575421388,0.000412815575421388,0.000520000000000076,0.000520000000000076
homesite,631,xgboost,482848,"{""n_estimators"": 500, ""learning_rate"": 0.01, ""max_depth"": 3, ""min_child_weight"": 10.0, ""gamma"": 0.0, ""subsample"": 0.9, ""colsample_bytree"": 1.0, ""reg_alpha"": 0.1, ""reg_lambda"": 0.5}",2026-05-15T03:00:16.452088,0.9511097602082847,0.0006172852797069,0.9505388711982948,0.9522175300227737,/Users/kunalgurung/Desktop/UTS SEM4/36126/project/submissions/homesite_1000_models/homesite_model_0631.csv,False,,70.88274097442627,,2026-05-15T03:01:27.334819,0.95243,0.95135,-0.00024023979171527987,0.00024023979171527987,0.0010799999999999699,0.0010799999999999699
homesite,664,xgboost,12466,"{""n_estimators"": 1100, ""learning_rate"": 0.03, ""max_depth"": 6, ""min_child_weight"": 8.0, ""gamma"": 0.0, ""subsample"": 1.0, ""colsample_bytree"": 0.8, ""reg_alpha"": 0.5, ""reg_lambda"": 0.5}",2026-05-15T03:58:09.842277,0.9658468694010744,0.0004841416699574,0.9652736323653108,0.9666318140100412,/Users/kunalgurung/Desktop/UTS SEM4/36126/project/submissions/homesite_1000_models/homesite_model_0664.csv,False,,173.5715689659119,,2026-05-15T04:01:03.413838,0.96697,0.96648,-0.0006331305989255576,0.0006331305989255576,0.0004899999999999904,0.0004899999999999904
homesite,667,xgboost,351350,"{""n_estimators"": 500, ""learning_rate"": 0.03, ""max_depth"": 5, ""min_child_weight"": 10.0, ""gamma"": 0.3, ""subsample"": 0.7, ""colsample_bytree"": 1.0, ""reg_alpha"": 0.1, ""reg_lambda"": 0.1}",2026-05-15T04:05:24.174800,0.9641247294089498,0.0004918257837196,0.9635791101824792,0.9648947488577136,/Users/kunalgurung/Desktop/UTS SEM4/36126/project/submissions/homesite_1000_models/homesite_model_0667.csv,False,,94.48671793937685,,2026-05-15T04:06:58.661506,0.96516,0.96459,-0.0004652705910501709,0.0004652705910501709,0.0005700000000000705,0.0005700000000000705
homesite,677,xgboost,685247,"{""n_estimators"": 1100, ""learning_rate"": 0.03, ""max_depth"": 7, ""min_child_weight"": 10.0, ""gamma"": 0.05, ""subsample"": 0.8, ""colsample_bytree"": 0.5, ""reg_alpha"": 0.01, ""reg_lambda"": 5.0}",2026-05-15T04:23:03.225829,0.965818746052104,0.00047583984748,0.9651677354807164,0.9664275089117376,/Users/kunalgurung/Desktop/UTS SEM4/36126/project/submissions/homesite_1000_models/homesite_model_0677.csv,False,,177.85060501098633,,2026-05-15T04:26:01.076425,0.96685,0.96645,-0.0006312539478959822,0.0006312539478959822,0.00039999999999995595,0.00039999999999995595
homesite,686,xgboost,562528,"{""n_estimators"": 300, ""learning_rate"": 0.03, ""max_depth"": 7, ""min_child_weight"": 10.0, ""gamma"": 0.05, ""subsample"": 0.7, ""colsample_bytree"": 0.9, ""reg_alpha"": 0.0, ""reg_lambda"": 0.1}",2026-05-15T04:41:45.506043,0.9640112389750806,0.0004891371405525,0.9634070829004566,0.9648134913949844,/Users/kunalgurung/Desktop/UTS SEM4/36126/project/submissions/homesite_1000_models/homesite_model_0686.csv,False,,67.918536901474,,2026-05-15T04:42:53.424569,0.96498,0.96456,-0.0005487610249194086,0.0005487610249194086,0.00041999999999997595,0.00041999999999997595
homesite,704,catboost,918909,"{""iterations"": 900, ""learning_rate"": 0.05, ""depth"": 8, ""l2_leaf_reg"": 7.0, ""random_strength"": 5.0, ""bagging_temperature"": 0.0}",2026-05-15T05:20:35.481592,0.9659299268999084,0.0005833202241548,0.9652916259897316,0.9668232678337776,/Users/kunalgurung/Desktop/UTS SEM4/36126/project/submissions/homesite_1000_models/homesite_model_0704.csv,False,,287.88862800598145,,2026-05-15T05:25:23.370211,0.96686,0.96639,-0.00046007310009155145,0.00046007310009155145,0.00047000000000008146,0.00047000000000008146
homesite,707,catboost,991343,"{""iterations"": 500, ""learning_rate"": 0.05, ""depth"": 4, ""l2_leaf_reg"": 10.0, ""random_strength"": 0.5, ""bagging_temperature"": 0.5}",2026-05-15T05:32:51.758701,0.9635404351203132,0.0005381004741495,0.962986849842194,0.9643683582380658,/Users/kunalgurung/Desktop/UTS SEM4/36126/project/submissions/homesite_1000_models/homesite_model_0707.csv,False,,120.91944003105164,,2026-05-15T05:34:52.678132,0.96439,0.96378,-0.0002395648796867933,0.0002395648796867933,0.0006099999999999994,0.0006099999999999994
homesite,709,catboost,26087,"{""iterations"": 500, ""learning_rate"": 0.01, ""depth"": 4, ""l2_leaf_reg"": 7.0, ""random_strength"": 2.0, ""bagging_temperature"": 0.5}",2026-05-15T05:38:55.047741,0.9558984409129972,0.000333855462249,0.9555564625055992,0.956513461325174,/Users/kunalgurung/Desktop/UTS SEM4/36126/project/submissions/homesite_1000_models/homesite_model_0709.csv,False,,121.6992461681366,,2026-05-15T05:40:56.746977,0.95709,0.95599,-9.155908700275717e-05,9.155908700275717e-05,0.0010999999999999899,0.0010999999999999899
homesite,724,catboost,915138,"{""iterations"": 900, ""learning_rate"": 0.07, ""depth"": 8, ""l2_leaf_reg"": 3.0, ""random_strength"": 0.5, ""bagging_temperature"": 0.5}",2026-05-15T06:22:12.462468,0.9658715037484076,0.0005348031049497,0.9651162565635502,0.9666142300876944,/Users/kunalgurung/Desktop/UTS SEM4/36126/project/submissions/homesite_1000_models/homesite_model_0724.csv,False,,288.9579908847809,,2026-05-15T06:27:01.420451,0.96723,0.96639,-0.000518496251592393,0.000518496251592393,0.0008400000000000629,0.0008400000000000629
homesite,749,catboost,739251,"{""iterations"": 500, ""learning_rate"": 0.01, ""depth"": 5, ""l2_leaf_reg"": 10.0, ""random_strength"": 5.0, ""bagging_temperature"": 2.0}",2026-05-15T07:29:26.772838,0.9550407643106212,0.000441751898935,0.9543355117800356,0.955685803042288,/Users/kunalgurung/Desktop/UTS SEM4/36126/project/submissions/homesite_1000_models/homesite_model_0749.csv,False,,140.95346570014954,,2026-05-15T07:31:47.726295,0.9565,0.95552,-0.00047923568937879857,0.00047923568937879857,0.0009799999999999809,0.0009799999999999809
homesite,750,catboost,878314,"{""iterations"": 500, ""learning_rate"": 0.02, ""depth"": 8, ""l2_leaf_reg"": 5.0, ""random_strength"": 1.0, ""bagging_temperature"": 0.5}",2026-05-15T07:31:47.744290,0.9635121105966872,0.0004575914501707,0.962919608112244,0.9642441823450526,/Users/kunalgurung/Desktop/UTS SEM4/36126/project/submissions/homesite_1000_models/homesite_model_0750.csv,False,,180.3033311367035,,2026-05-15T07:34:48.047612,0.96458,0.96378,-0.0002678894033127932,0.0002678894033127932,0.0008000000000000229,0.0008000000000000229
homesite,762,catboost,801802,"{""iterations"": 900, ""learning_rate"": 0.07, ""depth"": 6, ""l2_leaf_reg"": 5.0, ""random_strength"": 0.5, ""bagging_temperature"": 1.0}",2026-05-15T08:09:16.917050,0.9658384341510932,0.0006156964273378,0.9650020262296904,0.9666841313677994,/Users/kunalgurung/Desktop/UTS SEM4/36126/project/submissions/homesite_1000_models/homesite_model_0762.csv,False,,232.9935929775238,,2026-05-15T08:13:09.910633,0.96668,0.96637,-0.0005315658489067898,0.0005315658489067898,0.00031000000000003247,0.00031000000000003247
homesite,764,catboost,819726,"{""iterations"": 900, ""learning_rate"": 0.05, ""depth"": 8, ""l2_leaf_reg"": 10.0, ""random_strength"": 2.0, ""bagging_temperature"": 0.0}",2026-05-15T08:16:59.001156,0.9659887856721696,0.0005131738201859,0.965216144150978,0.966636375307493,/Users/kunalgurung/Desktop/UTS SEM4/36126/project/submissions/homesite_1000_models/homesite_model_0764.csv,False,,282.276184797287,,2026-05-15T08:21:41.277331,0.96691,0.96648,-0.0004912143278303915,0.0004912143278303915,0.00043000000000004146,0.00043000000000004146
homesite,767,catboost,729877,"{""iterations"": 900, ""learning_rate"": 0.02, ""depth"": 5, ""l2_leaf_reg"": 5.0, ""random_strength"": 2.0, ""bagging_temperature"": 2.0}",2026-05-15T08:27:48.823849,0.9632754575178568,0.0004500374916986,0.96274881286321,0.9640018495409552,/Users/kunalgurung/Desktop/UTS SEM4/36126/project/submissions/homesite_1000_models/homesite_model_0767.csv,False,,228.1202449798584,,2026-05-15T08:31:36.944085,0.9642,0.96354,-0.00026454248214313747,0.00026454248214313747,0.0006599999999999939,0.0006599999999999939
homesite,769,catboost,27124,"{""iterations"": 900, ""learning_rate"": 0.07, ""depth"": 6, ""l2_leaf_reg"": 1.0, ""random_strength"": 0.5, ""bagging_temperature"": 0.0}",2026-05-15T08:36:04.323770,0.9658586494129746,0.0005503937084785,0.96516496591089,0.9666240163634446,/Users/kunalgurung/Desktop/UTS SEM4/36126/project/submissions/homesite_1000_models/homesite_model_0769.csv,False,,239.9417469501495,,2026-05-15T08:40:04.265508,0.96681,0.96631,-0.00045135058702538977,0.00045135058702538977,0.0004999999999999449,0.0004999999999999449
homesite,783,catboost,686456,"{""iterations"": 500, ""learning_rate"": 0.01, ""depth"": 4, ""l2_leaf_reg"": 10.0, ""random_strength"": 0.5, ""bagging_temperature"": 0.0}",2026-05-15T09:11:59.882974,0.9562316529996954,0.0003744047151608,0.955764776634701,0.9569021333424692,/Users/kunalgurung/Desktop/UTS SEM4/36126/project/submissions/homesite_1000_models/homesite_model_0783.csv,False,,122.63485527038574,,2026-05-15T09:14:02.517818,0.95753,0.95631,-7.834700030462383e-05,7.834700030462383e-05,0.0012199999999999989,0.0012199999999999989
homesite,791,catboost,800399,"{""iterations"": 900, ""learning_rate"": 0.05, ""depth"": 7, ""l2_leaf_reg"": 5.0, ""random_strength"": 2.0, ""bagging_temperature"": 0.0}",2026-05-15T09:30:21.593323,0.9658798407626434,0.0004985828256314,0.9651965040247006,0.9664876166759374,/Users/kunalgurung/Desktop/UTS SEM4/36126/project/submissions/homesite_1000_models/homesite_model_0791.csv,False,,254.18499875068665,,2026-05-15T09:34:35.778313,0.96676,0.96625,-0.0003701592373566154,0.0003701592373566154,0.0005099999999998994,0.0005099999999998994
homesite,793,catboost,286074,"{""iterations"": 500, ""learning_rate"": 0.01, ""depth"": 5, ""l2_leaf_reg"": 10.0, ""random_strength"": 5.0, ""bagging_temperature"": 1.0}",2026-05-15T09:37:50.775528,0.9548967814650952,0.0005263799150057,0.9545041524795808,0.955924643678442,/Users/kunalgurung/Desktop/UTS SEM4/36126/project/submissions/homesite_1000_models/homesite_model_0793.csv,False,,141.8941786289215,,2026-05-15T09:40:12.669695,0.95659,0.9556,-0.0007032185349048481,0.0007032185349048481,0.0009900000000000464,0.0009900000000000464
homesite,822,catboost,828648,"{""iterations"": 300, ""learning_rate"": 0.01, ""depth"": 4, ""l2_leaf_reg"": 10.0, ""random_strength"": 2.0, ""bagging_temperature"": 1.0}",2026-05-15T11:02:32.268554,0.9520319770289044,0.0005907273763007,0.9515416522329772,0.9531634465789096,/Users/kunalgurung/Desktop/UTS SEM4/36126/project/submissions/homesite_1000_models/homesite_model_0822.csv,False,,87.1960928440094,,2026-05-15T11:03:59.464639,0.95377,0.95274,-0.0007080229710956232,0.0007080229710956232,0.0010299999999999754,0.0010299999999999754
homesite,823,catboost,790912,"{""iterations"": 700, ""learning_rate"": 0.02, ""depth"": 6, ""l2_leaf_reg"": 7.0, ""random_strength"": 0.5, ""bagging_temperature"": 1.0}",2026-05-15T11:03:59.478726,0.9636363323503748,0.0005036873371422,0.9629901344590364,0.9644568401684784,/Users/kunalgurung/Desktop/UTS SEM4/36126/project/submissions/homesite_1000_models/homesite_model_0823.csv,False,,191.58047795295715,,2026-05-15T11:07:11.059195,0.96461,0.96386,-0.00022366764962522545,0.00022366764962522545,0.0007499999999999174,0.0007499999999999174
homesite,825,catboost,404363,"{""iterations"": 500, ""learning_rate"": 0.05, ""depth"": 4, ""l2_leaf_reg"": 3.0, ""random_strength"": 0.5, ""bagging_temperature"": 2.0}",2026-05-15T11:08:46.176881,0.9635018281468992,0.0004583510800909,0.9628693445450314,0.964205025175128,/Users/kunalgurung/Desktop/UTS SEM4/36126/project/submissions/homesite_1000_models/homesite_model_0825.csv,False,,117.25860977172852,,2026-05-15T11:10:43.435482,0.96434,0.96371,-0.00020817185310073594,0.00020817185310073594,0.0006300000000000194,0.0006300000000000194
homesite,827,catboost,213121,"{""iterations"": 900, ""learning_rate"": 0.02, ""depth"": 5, ""l2_leaf_reg"": 7.0, ""random_strength"": 0.5, ""bagging_temperature"": 2.0}",2026-05-15T11:14:23.559338,0.9636408823880692,0.0004363777486423,0.9631102003575728,0.9643444850346824,/Users/kunalgurung/Desktop/UTS SEM4/36126/project/submissions/homesite_1000_models/homesite_model_0827.csv,False,,221.14648509025577,,2026-05-15T11:18:04.705814,0.9645,0.96377,-0.00012911761193079574,0.00012911761193079574,0.0007300000000000084,0.0007300000000000084
homesite,833,catboost,423327,"{""iterations"": 500, ""learning_rate"": 0.05, ""depth"": 4, ""l2_leaf_reg"": 1.0, ""random_strength"": 1.0, ""bagging_temperature"": 0.0}",2026-05-15T11:34:37.495621,0.9635072479782524,0.0004821687000778,0.9629458319525152,0.9643122446258672,/Users/kunalgurung/Desktop/UTS SEM4/36126/project/submissions/homesite_1000_models/homesite_model_0833.csv,False,,127.82656788825987,,2026-05-15T11:36:45.322180,0.96436,0.96378,-0.00027275202174759094,0.00027275202174759094,0.0005800000000000249,0.0005800000000000249
homesite,844,catboost,538393,"{""iterations"": 700, ""learning_rate"": 0.01, ""depth"": 4, ""l2_leaf_reg"": 5.0, ""random_strength"": 5.0, ""bagging_temperature"": 0.0}",2026-05-15T12:02:25.306165,0.9556788393126348,0.0005798627767995,0.9548867530239497,0.9565855901595368,/Users/kunalgurung/Desktop/UTS SEM4/36126/project/submissions/homesite_1000_models/homesite_model_0844.csv,False,,177.09930992126465,,2026-05-15T12:05:22.405466,0.95765,0.95667,-0.0009911606873652667,0.0009911606873652667,0.0009799999999999809,0.0009799999999999809
homesite,849,catboost,416122,"{""iterations"": 500, ""learning_rate"": 0.03, ""depth"": 8, ""l2_leaf_reg"": 7.0, ""random_strength"": 5.0, ""bagging_temperature"": 0.5}",2026-05-15T12:15:03.624905,0.9632954677785892,0.0004714667971581,0.96268940015386,0.9640750137174384,/Users/kunalgurung/Desktop/UTS SEM4/36126/project/submissions/homesite_1000_models/homesite_model_0849.csv,False,,177.15320491790771,,2026-05-15T12:18:00.778101,0.96435,0.9637,-0.0004045322214107916,0.0004045322214107916,0.0006500000000000394,0.0006500000000000394
homesite,861,random_forest,135767,"{""n_estimators"": 500, ""max_depth"": null, ""min_samples_split"": 5, ""min_samples_leaf"": 4, ""max_features"": ""log2"", ""bootstrap"": false}",2026-05-15T13:10:12.877165,0.949205504463405,0.0008448601035501,0.948412449834054,0.950829214674805,/Users/kunalgurung/Desktop/UTS SEM4/36126/project/submissions/homesite_1000_models/homesite_model_0861.csv,False,,392.5253341197967,,2026-05-15T13:16:45.402492,0.94983,0.94996,-0.0007544955365950123,0.0007544955365950123,-0.0001300000000000745,0.0001300000000000745
homesite,864,random_forest,437343,"{""n_estimators"": 300, ""max_depth"": null, ""min_samples_split"": 10, ""min_samples_leaf"": 1, ""max_features"": ""sqrt"", ""bootstrap"": false}",2026-05-15T13:23:53.657662,0.9574325797944316,0.0005110620504676,0.956855881780087,0.958383532945846,/Users/kunalgurung/Desktop/UTS SEM4/36126/project/submissions/homesite_1000_models/homesite_model_0864.csv,False,,440.65883708000183,,2026-05-15T13:31:14.316490,0.95815,0.95779,-0.0003574202055683928,0.0003574202055683928,0.00035999999999991594,0.00035999999999991594
homesite,873,extra_trees,314712,"{""n_estimators"": 200, ""max_depth"": null, ""min_samples_split"": 20, ""min_samples_leaf"": 8, ""max_features"": ""log2"", ""bootstrap"": false}",2026-05-15T13:57:29.588986,0.941673741675795,0.0007610558977507,0.94068438836433,0.9429337161811288,/Users/kunalgurung/Desktop/UTS SEM4/36126/project/submissions/homesite_1000_models/homesite_model_0873.csv,False,,115.57769656181335,,2026-05-15T13:59:25.166675,0.94338,0.94349,-0.0018162583242050667,0.0018162583242050667,-0.0001100000000000545,0.0001100000000000545
homesite,878,random_forest,560210,"{""n_estimators"": 500, ""max_depth"": null, ""min_samples_split"": 20, ""min_samples_leaf"": 4, ""max_features"": ""log2"", ""bootstrap"": false}",2026-05-15T14:21:10.979798,0.948811640302366,0.0007198715349757,0.948209078715705,0.9502248005281876,/Users/kunalgurung/Desktop/UTS SEM4/36126/project/submissions/homesite_1000_models/homesite_model_0878.csv,False,,373.4075860977173,,2026-05-15T14:27:24.387375,0.95025,0.95024,-0.0014283596976339963,0.0014283596976339963,1.0000000000065512e-05,1.0000000000065512e-05
homesite,886,random_forest,207373,"{""n_estimators"": 300, ""max_depth"": null, ""min_samples_split"": 10, ""min_samples_leaf"": 2, ""max_features"": ""log2"", ""bootstrap"": false}",2026-05-15T14:51:07.023963,0.9496192697035288,0.0007242217578307,0.9488550984112232,0.9509389561127596,/Users/kunalgurung/Desktop/UTS SEM4/36126/project/submissions/homesite_1000_models/homesite_model_0886.csv,False,,244.2333300113678,,2026-05-15T14:55:11.257284,0.95035,0.95025,-0.0006307302964712047,0.0006307302964712047,9.999999999998899e-05,9.999999999998899e-05
homesite,897,extra_trees,102363,"{""n_estimators"": 500, ""max_depth"": null, ""min_samples_split"": 2, ""min_samples_leaf"": 8, ""max_features"": ""log2"", ""bootstrap"": false}",2026-05-15T15:45:01.780943,0.9421565448801336,0.0008645451751022,0.9409462104895042,0.943613108162978,/Users/kunalgurung/Desktop/UTS SEM4/36126/project/submissions/homesite_1000_models/homesite_model_0897.csv,False,,258.5991179943085,,2026-05-15T15:49:20.380047,0.94389,0.94373,-0.001573455119866396,0.001573455119866396,0.000160000000000049,0.000160000000000049
homesite,903,random_forest,746988,"{""n_estimators"": 300, ""max_depth"": null, ""min_samples_split"": 2, ""min_samples_leaf"": 8, ""max_features"": ""sqrt"", ""bootstrap"": false}",2026-05-15T16:13:08.887209,0.9571379376233702,0.0006645882104883,0.95675466949191,0.9584641472415008,/Users/kunalgurung/Desktop/UTS SEM4/36126/project/submissions/homesite_1000_models/homesite_model_0903.csv,False,,411.8947021961212,,2026-05-15T16:20:00.781901,0.95833,0.95811,-0.0009720623766298342,0.0009720623766298342,0.00021999999999999797,0.00021999999999999797
homesite,904,extra_trees,713196,"{""n_estimators"": 300, ""max_depth"": null, ""min_samples_split"": 2, ""min_samples_leaf"": 8, ""max_features"": ""log2"", ""bootstrap"": false}",2026-05-15T16:20:00.806800,0.9417413755546444,0.0007558464979439,0.940960095020488,0.9431636924545628,/Users/kunalgurung/Desktop/UTS SEM4/36126/project/submissions/homesite_1000_models/homesite_model_0904.csv,False,,161.26868772506714,,2026-05-15T16:22:42.075481,0.94369,0.94345,-0.0017086244453555777,0.0017086244453555777,0.00024000000000001798,0.00024000000000001798
homesite,905,random_forest,255781,"{""n_estimators"": 500, ""max_depth"": null, ""min_samples_split"": 10, ""min_samples_leaf"": 1, ""max_features"": ""sqrt"", ""bootstrap"": false}",2026-05-15T16:22:42.101372,0.957639434163528,0.0005003316769925,0.957257937470877,0.9586007182793356,/Users/kunalgurung/Desktop/UTS SEM4/36126/project/submissions/homesite_1000_models/homesite_model_0905.csv,False,,720.5471019744873,,2026-05-15T16:34:42.648463,0.95882,0.95832,-0.0006805658364719136,0.0006805658364719136,0.000500000000000056,0.000500000000000056
homesite,911,random_forest,152947,"{""n_estimators"": 200, ""max_depth"": null, ""min_samples_split"": 10, ""min_samples_leaf"": 1, ""max_features"": ""log2"", ""bootstrap"": false}",2026-05-15T16:58:18.480110,0.9491066586537356,0.0008202810378856,0.9482901696548764,0.950681927001343,/Users/kunalgurung/Desktop/UTS SEM4/36126/project/submissions/homesite_1000_models/homesite_model_0911.csv,False,,170.52448391914368,,2026-05-15T17:01:09.004587,0.95035,0.95026,-0.001153341346264436,0.001153341346264436,9.00000000000345e-05,9.00000000000345e-05
homesite,913,random_forest,579663,"{""n_estimators"": 500, ""max_depth"": null, ""min_samples_split"": 20, ""min_samples_leaf"": 2, ""max_features"": ""sqrt"", ""bootstrap"": false}",2026-05-15T17:03:54.603247,0.9579449644317136,0.000582294713053,0.9574575509489444,0.959064646877818,/Users/kunalgurung/Desktop/UTS SEM4/36126/project/submissions/homesite_1000_models/homesite_model_0913.csv,False,,692.9803168773651,,2026-05-15T17:15:27.583557,0.95898,0.9587,-0.0007550355682863774,0.0007550355682863774,0.000280000000000058,0.000280000000000058
homesite,917,extra_trees,42067,"{""n_estimators"": 300, ""max_depth"": null, ""min_samples_split"": 20, ""min_samples_leaf"": 8, ""max_features"": ""log2"", ""bootstrap"": false}",2026-05-15T17:30:03.650421,0.941960632783508,0.0008414642565383,0.9409340853576318,0.9432969426747816,/Users/kunalgurung/Desktop/UTS SEM4/36126/project/submissions/homesite_1000_models/homesite_model_0917.csv,False,,159.42926216125488,,2026-05-15T17:32:43.079673,0.94426,0.94416,-0.002199367216492054,0.002199367216492054,9.999999999998899e-05,9.999999999998899e-05
homesite,920,extra_trees,909793,"{""n_estimators"": 500, ""max_depth"": null, ""min_samples_split"": 10, ""min_samples_leaf"": 8, ""max_features"": ""log2"", ""bootstrap"": false}",2026-05-15T17:43:17.136779,0.9417008063980776,0.0009045172567849,0.9403606129581424,0.9432010106251972,/Users/kunalgurung/Desktop/UTS SEM4/36126/project/submissions/homesite_1000_models/homesite_model_0920.csv,False,,255.77726292610168,,2026-05-15T17:47:32.914211,0.94363,0.9435,-0.0017991936019223775,0.0017991936019223775,0.00012999999999996348,0.00012999999999996348
homesite,923,random_forest,174517,"{""n_estimators"": 300, ""max_depth"": null, ""min_samples_split"": 10, ""min_samples_leaf"": 2, ""max_features"": ""log2"", ""bootstrap"": false}",2026-05-15T17:55:37.984518,0.9493135497649025,0.0007439423648434,0.9486129176503744,0.9507024106056412,/Users/kunalgurung/Desktop/UTS SEM4/36126/project/submissions/homesite_1000_models/homesite_model_0923.csv,False,,243.15537905693057,,2026-05-15T17:59:41.139887,0.95039,0.95022,-0.0009064502350975001,0.0009064502350975001,0.00017000000000000348,0.00017000000000000348
homesite,924,random_forest,250326,"{""n_estimators"": 500, ""max_depth"": null, ""min_samples_split"": 20, ""min_samples_leaf"": 2, ""max_features"": ""sqrt"", ""bootstrap"": false}",2026-05-15T17:59:41.171718,0.9579859957821564,0.0005587086000411,0.957460806605168,0.9590674355440644,/Users/kunalgurung/Desktop/UTS SEM4/36126/project/submissions/homesite_1000_models/homesite_model_0924.csv,False,,698.5358548164368,,2026-05-15T18:11:19.707564,0.9591,0.95871,-0.0007240042178435768,0.0007240042178435768,0.00039000000000000146,0.00039000000000000146
homesite,927,logistic_regression,939982,"{""C"": 0.001, ""penalty"": ""l1"", ""solver"": ""liblinear"", ""max_iter"": 1000}",2026-05-15T18:17:25.744663,0.9350305221820812,0.0008508614735305,0.933901150813808,0.9362514564415836,/Users/kunalgurung/Desktop/UTS SEM4/36126/project/submissions/homesite_1000_models/homesite_model_0927.csv,False,,42.34322690963745,,2026-05-15T18:18:08.087883,0.93756,0.93602,-0.0009894778179188046,0.0009894778179188046,0.0015399999999999858,0.0015399999999999858
homesite,930,logistic_regression,819738,"{""C"": 0.01, ""penalty"": ""l2"", ""solver"": ""liblinear"", ""max_iter"": 1000}",2026-05-15T18:26:58.759077,0.9427538794083996,0.0006109578174001,0.941595135311766,0.9432388380200448,/Users/kunalgurung/Desktop/UTS SEM4/36126/project/submissions/homesite_1000_models/homesite_model_0930.csv,False,,144.05729365348816,,2026-05-15T18:29:22.816361,0.94381,0.94313,-0.0003761205916004151,0.0003761205916004151,0.0006800000000000139,0.0006800000000000139
homesite,933,logistic_regression,755244,"{""C"": 0.03, ""penalty"": ""l2"", ""solver"": ""liblinear"", ""max_iter"": 1000}",2026-05-15T18:42:26.745634,0.942478806537375,0.0006588496299432,0.9412199700528162,0.9430592218492192,/Users/kunalgurung/Desktop/UTS SEM4/36126/project/submissions/homesite_1000_models/homesite_model_0933.csv,False,,143.3081271648407,,2026-05-15T18:44:50.053753,0.9436,0.94297,-0.0004911934626249392,0.0004911934626249392,0.0006300000000000194,0.0006300000000000194
homesite,937,logistic_regression,550964,"{""C"": 0.01, ""penalty"": ""l2"", ""solver"": ""liblinear"", ""max_iter"": 1000}",2026-05-15T19:14:09.129204,0.9427538794083996,0.0006109578174001,0.941595135311766,0.9432388380200448,/Users/kunalgurung/Desktop/UTS SEM4/36126/project/submissions/homesite_1000_models/homesite_model_0937.csv,False,,129.47431302070618,,2026-05-15T19:16:18.603508,0.94381,0.94313,-0.0003761205916004151,0.0003761205916004151,0.0006800000000000139,0.0006800000000000139
homesite,942,logistic_regression,474056,"{""C"": 0.001, ""penalty"": ""l1"", ""solver"": ""liblinear"", ""max_iter"": 1000}",2026-05-15T19:36:01.283091,0.9350294770570736,0.0008470380007187,0.9338939702594616,0.9362310247250606,/Users/kunalgurung/Desktop/UTS SEM4/36126/project/submissions/homesite_1000_models/homesite_model_0942.csv,False,,42.401463985443115,,2026-05-15T19:36:43.684546,0.93756,0.93603,-0.0010005229429264073,0.0010005229429264073,0.0015299999999999203,0.0015299999999999203
homesite,943,logistic_regression,678860,"{""C"": 0.001, ""penalty"": ""l1"", ""solver"": ""liblinear"", ""max_iter"": 1000}",2026-05-15T19:36:43.703105,0.9350344690383724,0.000850076466533,0.93390064636478,0.936248104249964,/Users/kunalgurung/Desktop/UTS SEM4/36126/project/submissions/homesite_1000_models/homesite_model_0943.csv,False,,49.38877916336059,,2026-05-15T19:37:33.091877,0.93756,0.93603,-0.000995530961627633,0.000995530961627633,0.0015299999999999203,0.0015299999999999203
homesite,949,logistic_regression,992244,"{""C"": 1.0, ""penalty"": ""l2"", ""solver"": ""liblinear"", ""max_iter"": 1000}",2026-05-15T19:54:03.004972,0.9421829771970128,0.000668739570011,0.9409045518332912,0.9428463395809978,/Users/kunalgurung/Desktop/UTS SEM4/36126/project/submissions/homesite_1000_models/homesite_model_0949.csv,False,,189.2007930278778,,2026-05-15T19:57:12.205757,0.94351,0.94281,-0.0006270228029872094,0.0006270228029872094,0.0006999999999999229,0.0006999999999999229
homesite,953,logistic_regression,586167,"{""C"": 0.001, ""penalty"": ""l1"", ""solver"": ""liblinear"", ""max_iter"": 1000}",2026-05-15T20:14:56.856304,0.9350318194652522,0.000851798099536,0.9338934078832726,0.9362441318184264,/Users/kunalgurung/Desktop/UTS SEM4/36126/project/submissions/homesite_1000_models/homesite_model_0953.csv,False,,39.31196880340576,,2026-05-15T20:15:36.168264,0.93755,0.93602,-0.0009881805347478068,0.0009881805347478068,0.0015300000000000313,0.0015300000000000313
homesite,954,logistic_regression,239536,"{""C"": 1.0, ""penalty"": ""l2"", ""solver"": ""liblinear"", ""max_iter"": 1000}",2026-05-15T20:15:36.186697,0.9421829771970128,0.000668739570011,0.9409045518332912,0.9428463395809978,/Users/kunalgurung/Desktop/UTS SEM4/36126/project/submissions/homesite_1000_models/homesite_model_0954.csv,False,,179.63769102096558,,2026-05-15T20:18:35.824381,0.94351,0.94281,-0.0006270228029872094,0.0006270228029872094,0.0006999999999999229,0.0006999999999999229
homesite,963,logistic_regression,431966,"{""C"": 0.001, ""penalty"": ""l1"", ""solver"": ""liblinear"", ""max_iter"": 1000}",2026-05-15T20:58:56.913749,0.9350325836786446,0.0008494569474185,0.9338999343434248,0.9362504910876256,/Users/kunalgurung/Desktop/UTS SEM4/36126/project/submissions/homesite_1000_models/homesite_model_0963.csv,False,,44.15393686294556,,2026-05-15T20:59:41.067678,0.93756,0.93603,-0.0009974163213554155,0.0009974163213554155,0.0015299999999999203,0.0015299999999999203
homesite,968,logistic_regression,896285,"{""C"": 0.01, ""penalty"": ""l2"", ""solver"": ""liblinear"", ""max_iter"": 1000}",2026-05-15T21:07:41.224214,0.9427538794083996,0.0006109578174001,0.941595135311766,0.9432388380200448,/Users/kunalgurung/Desktop/UTS SEM4/36126/project/submissions/homesite_1000_models/homesite_model_0968.csv,False,,139.19204902648926,,2026-05-15T21:10:00.416254,0.94381,0.94313,-0.0003761205916004151,0.0003761205916004151,0.0006800000000000139,0.0006800000000000139
homesite,987,logistic_regression,52282,"{""C"": 1.0, ""penalty"": ""l2"", ""solver"": ""liblinear"", ""max_iter"": 1000}",2026-05-15T22:39:47.968640,0.9421829771970128,0.000668739570011,0.9409045518332912,0.9428463395809978,/Users/kunalgurung/Desktop/UTS SEM4/36126/project/submissions/homesite_1000_models/homesite_model_0987.csv,False,,164.13091611862183,,2026-05-15T22:42:32.099548,0.94351,0.94281,-0.0006270228029872094,0.0006270228029872094,0.0006999999999999229,0.0006999999999999229
homesite,990,logistic_regression,955013,"{""C"": 0.1, ""penalty"": ""l1"", ""solver"": ""liblinear"", ""max_iter"": 1000}",2026-05-15T22:52:59.839830,0.9421899870371384,0.000676089453334,0.9409003038414764,0.9427788347920942,/Users/kunalgurung/Desktop/UTS SEM4/36126/project/submissions/homesite_1000_models/homesite_model_0990.csv,False,,279.11648201942444,,2026-05-15T22:57:38.956304,0.9435,0.94275,-0.0005600129628615669,0.0005600129628615669,0.0007500000000000284,0.0007500000000000284
homesite,992,logistic_regression,510661,"{""C"": 0.01, ""penalty"": ""l2"", ""solver"": ""liblinear"", ""max_iter"": 1000}",2026-05-15T22:59:13.780554,0.9427538794083996,0.0006109578174001,0.941595135311766,0.9432388380200448,/Users/kunalgurung/Desktop/UTS SEM4/36126/project/submissions/homesite_1000_models/homesite_model_0992.csv,False,,140.597412109375,,2026-05-15T23:01:34.377956,0.94381,0.94313,-0.0003761205916004151,0.0003761205916004151,0.0006800000000000139,0.0006800000000000139
homesite,997,logistic_regression,236861,"{""C"": 0.01, ""penalty"": ""l2"", ""solver"": ""lbfgs"", ""max_iter"": 1000}",2026-05-15T23:18:42.876437,0.9421868202574204,0.0006073704658583,0.9410417112826488,0.9427367815602952,/Users/kunalgurung/Desktop/UTS SEM4/36126/project/submissions/homesite_1000_models/homesite_model_0997.csv,False,,172.2368450164795,,2026-05-15T23:21:35.113275,0.94331,0.94248,-0.0002931797425795857,0.0002931797425795857,0.0008299999999999974,0.0008299999999999974
